date,region,sales_rep,customer_id,product,category,quantity,unit_price,discount,revenue
2023-12-13,North,Emma Davis,Customer_1758,Monitor,Displays,5,369.39,0.15,1846.95
2023-09-16,Central,Grace Kim,Customer_1616,Monitor,Displays,3,343.81,0.04,1031.43
2023-08-18,Central,David Lee,Customer_1603,Laptop,Computing,18,1277.77,0.08,22999.86
2023-04-21,North,Carol White,Customer_1980,Headphones,Audio,11,158.92,0.06,1748.12
2023-11-06,North,Bob Smith,Customer_1270,Webcam,Video,12,115.68,0.17,1388.16
2023-05-31,West,Bob Smith,Customer_1849,Laptop,Computing,13,1370.32,0.02,17814.16
2023-05-29,Central,David Lee,Customer_1081,Webcam,Video,2,127.36,0.13,254.72
2023-07-01,North,Grace Kim,Customer_1214,Mouse,Peripherals,12,46.67,0.03,560.04
2023-07-14,North,Carol White,Customer_1276,Headphones,Audio,8,151.54,0.03,1212.32
2023-07-25,East,Alice Johnson,Customer_1274,Mouse,Peripherals,2,45.94,0.16,91.88
2023-11-26,South,Frank Chen,Customer_1469,Monitor,Displays,16,365.52,0.08,5848.32
2023-10-27,East,Carol White,Customer_1438,Keyboard,Peripherals,18,73.92,0.11,1330.56
2023-02-16,East,David Lee,Customer_1773,Desk Chair,Furniture,5,402.22,0.1,2011.1
2023-07-17,North,Carol White,Customer_1390,Laptop,Computing,14,1245.88,0.12,17442.32
2023-02-28,Central,Emma Davis,Customer_1698,Standing Desk,Furniture,1,684.79,0.14,684.79
2023-05-15,East,Bob Smith,Customer_1995,Headphones,Audio,6,140.71,0.09,844.26
2023-09-17,Central,Bob Smith,Customer_1623,Keyboard,Peripherals,10,88.89,0.17,888.9
2023-09-29,South,Frank Chen,Customer_1940,Mouse,Peripherals,18,53.94,0.19,970.92
2023-06-07,Central,Frank Chen,Customer_1245,Laptop,Computing,4,1195.9,0.19,4783.6
2023-09-30,South,Bob Smith,Customer_1784,Laptop,Computing,16,1050.84,0.16,16813.44
2023-11-07,South,Henry Park,Customer_1433,Keyboard,Peripherals,6,90.72,0.05,544.32
2023-11-29,Central,David Lee,Customer_1382,Mouse,Peripherals,13,53.19,0.2,691.47
2023-01-11,Central,Henry Park,Customer_1602,Standing Desk,Furniture,8,531.78,0.01,4254.24
2023-01-17,Central,David Lee,Customer_1880,Mouse,Peripherals,2,42.61,0.05,85.22
2023-03-09,North,David Lee,Customer_1740,Webcam,Video,16,112.03,0.04,1792.48
2023-12-04,South,Henry Park,Customer_1441,Standing Desk,Furniture,7,655.35,0.02,4587.45
2023-11-27,West,Grace Kim,Customer_1100,Webcam,Video,2,118.81,0.13,237.62
2023-04-08,West,Frank Chen,Customer_1549,Laptop,Computing,4,1308.21,0.05,5232.84
2023-02-08,South,Grace Kim,Customer_1453,Standing Desk,Furniture,15,543.03,0.05,8145.45
2023-09-06,North,Alice Johnson,Customer_1492,Monitor,Displays,8,456.28,0.03,3650.24
2023-05-16,West,Alice Johnson,Customer_1948,Mouse,Peripherals,1,44.97,0.2,44.97
2023-09-07,East,Grace Kim,Customer_1158,Standing Desk,Furniture,18,635.39,0.13,11437.02
2023-02-01,East,David Lee,Customer_1765,Mouse,Peripherals,19,57.03,0.15,1083.57
2023-09-29,North,Alice Johnson,Customer_1161,Webcam,Video,17,123.03,0.18,2091.51
2023-12-12,Central,Bob Smith,Customer_1882,Laptop,Computing,3,1326.48,0.12,3979.44
2023-11-01,West,Bob Smith,Customer_1040,Mouse,Peripherals,19,56.62,0.05,1075.78
2023-06-10,West,Frank Chen,Customer_1244,Monitor,Displays,7,452.16,0.13,3165.12
2023-02-07,West,Carol White,Customer_1009,Headphones,Audio,10,157.73,0.09,1577.3
2023-03-09,Central,Bob Smith,Customer_1955,Standing Desk,Furniture,7,523.19,0.1,3662.33
2023-10-06,North,David Lee,Customer_1720,Webcam,Video,6,115.3,0.09,691.8
2023-12-06,Central,Alice Johnson,Customer_1106,Headphones,Audio,18,157.55,0.06,2835.9
2023-05-25,East,Bob Smith,Customer_1619,Keyboard,Peripherals,18,89.35,0.03,1608.3
2023-05-09,East,David Lee,Customer_1927,Mouse,Peripherals,9,52.81,0.1,475.29
2023-03-08,North,Grace Kim,Customer_1652,Laptop,Computing,2,1318.57,0.0,2637.14
2023-02-27,South,Henry Park,Customer_1077,Headphones,Audio,14,152.33,0.11,2132.62
2023-08-09,Central,Alice Johnson,Customer_1130,Keyboard,Peripherals,19,88.03,0.11,1672.57
2023-04-18,East,Frank Chen,Customer_1698,Laptop,Computing,2,1343.63,0.18,2687.26
2023-03-21,North,Frank Chen,Customer_1947,Mouse,Peripherals,14,54.2,0.19,758.8
2023-06-20,South,Carol White,Customer_1801,Mouse,Peripherals,1,55.72,0.04,55.72
2023-01-20,South,Emma Davis,Customer_1879,Desk Chair,Furniture,4,314.22,0.08,1256.88
2023-04-27,South,David Lee,Customer_1228,Standing Desk,Furniture,15,656.99,0.07,9854.85
2023-05-23,South,Grace Kim,Customer_1359,Laptop,Computing,3,1138.17,0.19,3414.51
2023-05-14,Central,Frank Chen,Customer_1182,Desk Chair,Furniture,4,396.12,0.18,1584.48
2023-06-10,North,Bob Smith,Customer_1446,Headphones,Audio,12,154.35,0.15,1852.2
2023-10-03,West,David Lee,Customer_1703,Monitor,Displays,14,370.57,0.0,5187.98
2023-12-06,East,Grace Kim,Customer_1868,Mouse,Peripherals,11,43.55,0.12,479.05
2023-06-01,East,Emma Davis,Customer_1567,Monitor,Displays,11,420.03,0.08,4620.33
2023-03-31,South,Grace Kim,Customer_1630,Keyboard,Peripherals,13,83.96,0.14,1091.48
2023-10-24,West,Alice Johnson,Customer_1621,Headphones,Audio,7,141.17,0.09,988.19
2023-03-28,West,Henry Park,Customer_1674,Webcam,Video,7,117.92,0.1,825.44
2023-04-26,East,Frank Chen,Customer_1825,Monitor,Displays,8,351.21,0.13,2809.68
2023-02-07,South,Alice Johnson,Customer_1466,Mouse,Peripherals,16,43.19,0.12,691.04
2023-05-05,Central,David Lee,Customer_1151,Desk Chair,Furniture,13,372.93,0.1,4848.09
2023-10-13,North,Grace Kim,Customer_1255,Laptop,Computing,17,1098.78,0.09,18679.26
2023-11-01,West,Carol White,Customer_1324,Monitor,Displays,17,436.17,0.2,7414.89
2023-03-23,Central,Grace Kim,Customer_1761,Standing Desk,Furniture,18,659.5,0.09,11871.0
2023-09-24,West,Emma Davis,Customer_1496,Standing Desk,Furniture,9,645.32,0.15,5807.88
2023-06-21,East,Henry Park,Customer_1327,Mouse,Peripherals,10,43.66,0.05,436.6
2023-02-02,South,Carol White,Customer_1424,Monitor,Displays,5,367.75,0.14,1838.75
2023-07-19,East,Henry Park,Customer_1926,Desk Chair,Furniture,7,341.16,0.17,2388.12
2023-07-19,Central,Grace Kim,Customer_1873,Laptop,Computing,12,1191.71,0.06,14300.52
2023-01-15,Central,David Lee,Customer_1398,Desk Chair,Furniture,9,348.76,0.09,3138.84
2023-10-01,West,Carol White,Customer_1027,Webcam,Video,5,132.26,0.2,661.3
2023-08-25,Central,Alice Johnson,Customer_1186,Desk Chair,Furniture,14,306.31,0.03,4288.34
2023-07-14,East,Grace Kim,Customer_1284,Laptop,Computing,15,1137.85,0.07,17067.75
2023-06-29,East,Bob Smith,Customer_1229,Desk Chair,Furniture,18,346.88,0.01,6243.84
2023-11-15,North,Alice Johnson,Customer_1156,Monitor,Displays,7,453.95,0.17,3177.65
2023-08-27,South,Henry Park,Customer_1716,Mouse,Peripherals,19,52.54,0.19,998.26
2023-03-25,East,Carol White,Customer_1987,Headphones,Audio,4,154.77,0.16,619.08
2023-07-12,North,Alice Johnson,Customer_1406,Headphones,Audio,19,169.3,0.14,3216.7
2023-11-04,North,David Lee,Customer_1824,Mouse,Peripherals,10,44.03,0.17,440.3
2023-02-05,Central,Alice Johnson,Customer_1518,Monitor,Displays,14,381.66,0.13,5343.24
2023-07-05,North,Grace Kim,Customer_1650,Webcam,Video,4,131.6,0.09,526.4
2023-05-19,South,Grace Kim,Customer_1630,Standing Desk,Furniture,17,541.7,0.19,9208.9
2023-05-06,West,Grace Kim,Customer_1850,Standing Desk,Furniture,19,658.63,0.05,12513.97
2023-12-09,East,Henry Park,Customer_1388,Monitor,Displays,15,369.26,0.11,5538.9
2023-07-01,North,Henry Park,Customer_1816,Webcam,Video,6,132.63,0.1,795.78
2023-09-22,East,Emma Davis,Customer_1970,Headphones,Audio,9,167.11,0.11,1503.99
2023-05-04,North,David Lee,Customer_1707,Mouse,Peripherals,16,53.3,0.11,852.8
2023-07-27,West,Henry Park,Customer_1708,Standing Desk,Furniture,3,652.73,0.06,1958.19
2023-10-09,East,Frank Chen,Customer_1338,Mouse,Peripherals,17,49.6,0.07,843.2
2023-04-09,West,Emma Davis,Customer_1323,Webcam,Video,8,113.04,0.02,904.32
2023-10-29,Central,Carol White,Customer_1778,Monitor,Displays,16,362.98,0.06,5807.68
2023-01-08,North,David Lee,Customer_1725,Headphones,Audio,12,140.83,0.04,1689.96
2023-03-06,East,Alice Johnson,Customer_1653,Keyboard,Peripherals,18,91.38,0.06,1644.84
2023-06-24,North,Alice Johnson,Customer_1188,Standing Desk,Furniture,16,613.33,0.1,9813.28
2023-02-07,East,Henry Park,Customer_1590,Laptop,Computing,3,1061.07,0.08,3183.21
2023-05-08,South,Carol White,Customer_1121,Laptop,Computing,10,1312.01,0.02,13120.1
2023-08-15,Central,David Lee,Customer_1304,Desk Chair,Furniture,13,378.95,0.09,4926.35
2023-04-17,East,Alice Johnson,Customer_1640,Desk Chair,Furniture,4,361.51,0.19,1446.04
2023-03-22,East,Bob Smith,Customer_1002,Mouse,Peripherals,6,44.86,0.11,269.16
2023-05-25,West,Henry Park,Customer_1719,Desk Chair,Furniture,8,328.08,0.06,2624.64
2023-04-12,North,David Lee,Customer_1435,Standing Desk,Furniture,19,676.3,0.13,12849.7
2023-02-06,Central,David Lee,Customer_1061,Monitor,Displays,9,417.72,0.17,3759.48
2023-12-25,East,Emma Davis,Customer_1412,Keyboard,Peripherals,15,78.54,0.14,1178.1
2023-08-10,Central,Henry Park,Customer_1752,Headphones,Audio,20,147.2,0.01,2944.0
2023-10-22,Central,Emma Davis,Customer_1601,Webcam,Video,8,102.93,0.19,823.44
2023-11-30,East,Alice Johnson,Customer_1452,Laptop,Computing,6,1294.72,0.09,7768.32
2023-08-29,South,Grace Kim,Customer_1356,Headphones,Audio,16,156.07,0.19,2497.12
2023-12-22,East,Frank Chen,Customer_1507,Desk Chair,Furniture,6,367.86,0.07,2207.16
2023-03-01,West,Alice Johnson,Customer_1993,Headphones,Audio,11,147.97,0.05,1627.67
2023-01-28,Central,Alice Johnson,Customer_1192,Desk Chair,Furniture,18,366.55,0.09,6597.9
2023-10-09,Central,Henry Park,Customer_1134,Webcam,Video,2,124.51,0.04,249.02
2023-12-30,West,Henry Park,Customer_1162,Headphones,Audio,20,132.96,0.16,2659.2
2023-02-28,Central,Alice Johnson,Customer_1472,Headphones,Audio,3,152.35,0.04,457.05
2023-05-20,South,Henry Park,Customer_1425,Monitor,Displays,10,451.92,0.1,4519.2
2023-11-03,West,David Lee,Customer_1520,Standing Desk,Furniture,5,592.22,0.08,2961.1
2023-09-17,North,Emma Davis,Customer_1273,Keyboard,Peripherals,14,86.54,0.07,1211.56
2023-09-08,East,Emma Davis,Customer_1886,Laptop,Computing,19,1321.49,0.2,25108.31
2023-07-13,West,Henry Park,Customer_1466,Keyboard,Peripherals,18,76.28,0.15,1373.04
2023-07-30,South,David Lee,Customer_1044,Webcam,Video,8,122.58,0.17,980.64
2023-01-19,West,Grace Kim,Customer_1129,Webcam,Video,5,115.9,0.1,579.5
2023-03-15,North,Henry Park,Customer_1419,Webcam,Video,15,105.59,0.0,1583.85
2023-12-21,North,Henry Park,Customer_1407,Keyboard,Peripherals,9,86.76,0.07,780.84
2023-01-19,East,Grace Kim,Customer_1632,Monitor,Displays,16,454.5,0.17,7272.0
2023-02-20,South,Emma Davis,Customer_1778,Monitor,Displays,3,459.69,0.09,1379.07
2023-01-29,West,Carol White,Customer_1300,Monitor,Displays,1,423.28,0.01,423.28
2023-12-16,East,Grace Kim,Customer_1811,Webcam,Video,17,107.24,0.08,1823.08
2023-05-04,South,Carol White,Customer_1509,Keyboard,Peripherals,13,69.9,0.12,908.7
2023-01-05,South,Henry Park,Customer_1920,Keyboard,Peripherals,15,83.31,0.05,1249.65
2023-06-03,East,Carol White,Customer_1654,Standing Desk,Furniture,12,523.3,0.2,6279.6
2023-09-05,East,Henry Park,Customer_1109,Desk Chair,Furniture,7,386.26,0.2,2703.82
2023-12-04,West,Frank Chen,Customer_1405,Mouse,Peripherals,10,51.12,0.0,511.2
2023-05-27,North,Alice Johnson,Customer_1794,Headphones,Audio,16,168.48,0.17,2695.68
2023-12-14,Central,Frank Chen,Customer_1773,Mouse,Peripherals,7,45.79,0.12,320.53
2023-07-06,North,Alice Johnson,Customer_1749,Keyboard,Peripherals,15,75.41,0.01,1131.15
2023-03-09,North,Emma Davis,Customer_1805,Keyboard,Peripherals,14,75.84,0.04,1061.76
2023-09-04,Central,Emma Davis,Customer_1990,Webcam,Video,9,131.9,0.18,1187.1
2023-04-26,East,Bob Smith,Customer_1880,Headphones,Audio,3,148.57,0.03,445.71
2023-10-02,Central,Frank Chen,Customer_1126,Desk Chair,Furniture,13,306.98,0.0,3990.74
2023-04-30,East,Emma Davis,Customer_1482,Standing Desk,Furniture,12,615.22,0.02,7382.64
2023-11-22,Central,Frank Chen,Customer_1843,Laptop,Computing,8,1349.49,0.13,10795.92
2023-06-05,East,Grace Kim,Customer_1504,Standing Desk,Furniture,2,531.0,0.19,1062.0
2023-07-09,North,David Lee,Customer_1686,Monitor,Displays,5,446.47,0.08,2232.35
2023-11-12,Central,Carol White,Customer_1417,Desk Chair,Furniture,4,390.47,0.17,1561.88
2023-07-05,North,Frank Chen,Customer_1101,Headphones,Audio,15,137.28,0.19,2059.2
2023-03-04,Central,Frank Chen,Customer_1971,Webcam,Video,9,104.18,0.04,937.62
2023-01-26,North,David Lee,Customer_1805,Standing Desk,Furniture,20,625.51,0.19,12510.2
2023-10-11,South,Carol White,Customer_1212,Webcam,Video,7,130.33,0.01,912.31
2023-03-16,South,Frank Chen,Customer_1133,Mouse,Peripherals,20,54.12,0.0,1082.4
2023-07-03,South,Bob Smith,Customer_1808,Headphones,Audio,1,157.25,0.03,157.25
2023-08-04,Central,Frank Chen,Customer_1538,Mouse,Peripherals,9,42.74,0.01,384.66
2023-02-25,North,Henry Park,Customer_1462,Monitor,Displays,12,393.79,0.1,4725.48
2023-11-26,Central,Alice Johnson,Customer_1987,Mouse,Peripherals,17,53.41,0.06,907.97
2023-09-09,North,Henry Park,Customer_1729,Laptop,Computing,14,1325.03,0.14,18550.42
2023-05-21,North,Bob Smith,Customer_1639,Standing Desk,Furniture,5,567.98,0.01,2839.9
2023-12-26,West,Emma Davis,Customer_1117,Webcam,Video,20,118.33,0.09,2366.6
2023-08-21,West,Henry Park,Customer_1408,Mouse,Peripherals,14,55.82,0.07,781.48
2023-03-20,North,Frank Chen,Customer_1703,Desk Chair,Furniture,9,342.31,0.07,3080.79
2023-07-10,North,Bob Smith,Customer_1831,Standing Desk,Furniture,3,659.72,0.09,1979.16
2023-12-10,Central,Alice Johnson,Customer_1125,Keyboard,Peripherals,18,82.08,0.11,1477.44
2023-11-04,East,Grace Kim,Customer_1319,Desk Chair,Furniture,2,388.65,0.19,777.3
2023-02-25,North,David Lee,Customer_1358,Webcam,Video,16,107.57,0.04,1721.12
2023-11-15,North,Emma Davis,Customer_1628,Webcam,Video,14,122.67,0.17,1717.38
2023-06-08,Central,Emma Davis,Customer_1943,Laptop,Computing,9,1030.42,0.14,9273.78
2023-07-25,East,Alice Johnson,Customer_1071,Webcam,Video,5,108.53,0.11,542.65
2023-08-21,North,Bob Smith,Customer_1349,Keyboard,Peripherals,7,85.91,0.08,601.37
2023-01-27,East,Emma Davis,Customer_1159,Keyboard,Peripherals,19,85.32,0.12,1621.08
2023-08-06,Central,Alice Johnson,Customer_1497,Keyboard,Peripherals,9,84.18,0.09,757.62
2023-08-09,West,Emma Davis,Customer_1113,Standing Desk,Furniture,17,548.8,0.02,9329.6
2023-07-22,Central,Henry Park,Customer_1613,Headphones,Audio,10,151.21,0.01,1512.1
2023-05-11,North,David Lee,Customer_1296,Laptop,Computing,7,1128.51,0.15,7899.57
2023-07-14,North,Alice Johnson,Customer_1545,Webcam,Video,14,119.91,0.04,1678.74
2023-08-24,Central,Frank Chen,Customer_1943,Mouse,Peripherals,2,43.58,0.09,87.16
2023-07-27,East,Grace Kim,Customer_1021,Monitor,Displays,14,408.81,0.06,5723.34
2023-02-24,South,Henry Park,Customer_1249,Webcam,Video,12,131.95,0.02,1583.4
2023-06-23,Central,Grace Kim,Customer_1226,Desk Chair,Furniture,13,352.52,0.17,4582.76
2023-04-10,South,Bob Smith,Customer_1927,Webcam,Video,4,120.38,0.11,481.52
2023-03-30,East,Carol White,Customer_1616,Webcam,Video,5,110.51,0.05,552.55
2023-10-16,North,Carol White,Customer_1778,Keyboard,Peripherals,16,90.83,0.09,1453.28
2023-02-04,Central,Frank Chen,Customer_1480,Standing Desk,Furniture,11,665.56,0.03,7321.16
2023-06-08,East,Emma Davis,Customer_1472,Standing Desk,Furniture,12,616.46,0.1,7397.52
2023-02-16,North,Alice Johnson,Customer_1629,Standing Desk,Furniture,10,576.37,0.02,5763.7
2023-06-14,West,Alice Johnson,Customer_1619,Desk Chair,Furniture,19,344.72,0.13,6549.68
2023-06-25,Central,Carol White,Customer_1731,Standing Desk,Furniture,15,682.39,0.02,10235.85
2023-09-26,Central,Carol White,Customer_1535,Monitor,Displays,15,344.7,0.2,5170.5
2023-06-23,East,Frank Chen,Customer_1695,Keyboard,Peripherals,13,90.03,0.08,1170.39
2023-05-26,East,Bob Smith,Customer_1258,Laptop,Computing,18,1138.69,0.14,20496.42
2023-06-08,East,Bob Smith,Customer_1990,Keyboard,Peripherals,5,81.99,0.18,409.95
2023-06-18,South,Bob Smith,Customer_1832,Desk Chair,Furniture,13,330.01,0.13,4290.13
2023-01-10,Central,Bob Smith,Customer_1371,Keyboard,Peripherals,14,83.5,0.1,1169.0
2023-03-12,South,David Lee,Customer_1158,Headphones,Audio,16,142.88,0.04,2286.08
2023-09-27,East,Bob Smith,Customer_1038,Monitor,Displays,18,400.92,0.17,7216.56
2023-12-21,Central,Carol White,Customer_1789,Webcam,Video,5,123.5,0.03,617.5
2023-11-09,West,Alice Johnson,Customer_1291,Keyboard,Peripherals,8,77.86,0.19,622.88
2023-04-10,South,David Lee,Customer_1376,Standing Desk,Furniture,16,565.7,0.18,9051.2
2023-03-24,West,Emma Davis,Customer_1836,Standing Desk,Furniture,17,650.06,0.11,11051.02
2023-07-10,Central,Carol White,Customer_1567,Mouse,Peripherals,2,55.6,0.13,111.2
2023-09-20,Central,Bob Smith,Customer_1150,Monitor,Displays,6,374.21,0.05,2245.26
2023-08-01,North,David Lee,Customer_1054,Desk Chair,Furniture,12,383.25,0.19,4599.0
2023-01-15,Central,Frank Chen,Customer_1326,Desk Chair,Furniture,3,322.26,0.07,966.78
2023-08-30,East,Carol White,Customer_1712,Monitor,Displays,10,356.51,0.18,3565.1
2023-04-21,West,Henry Park,Customer_1855,Keyboard,Peripherals,3,82.77,0.0,248.31
2023-03-04,Central,Grace Kim,Customer_1048,Keyboard,Peripherals,10,70.67,0.05,706.7
2023-01-09,West,Henry Park,Customer_1647,Mouse,Peripherals,16,43.44,0.12,695.04
2023-10-20,South,Emma Davis,Customer_1426,Mouse,Peripherals,20,48.94,0.07,978.8
2023-09-17,North,Frank Chen,Customer_1567,Keyboard,Peripherals,17,69.62,0.11,1183.54
2023-05-10,West,Henry Park,Customer_1765,Laptop,Computing,13,1035.67,0.2,13463.71
2023-06-20,East,Bob Smith,Customer_1136,Laptop,Computing,4,1144.13,0.15,4576.52
2023-12-17,East,Frank Chen,Customer_1475,Laptop,Computing,6,1312.86,0.17,7877.16
2023-04-14,South,Carol White,Customer_1044,Standing Desk,Furniture,15,521.36,0.01,7820.4
2023-10-06,North,Frank Chen,Customer_1484,Mouse,Peripherals,17,56.5,0.08,960.5
2023-06-19,North,David Lee,Customer_1279,Headphones,Audio,2,140.37,0.17,280.74
2023-07-17,East,Grace Kim,Customer_1347,Monitor,Displays,15,446.74,0.18,6701.1
2023-02-12,West,Henry Park,Customer_1744,Keyboard,Peripherals,17,76.82,0.05,1305.94
2023-06-14,North,Grace Kim,Customer_1105,Desk Chair,Furniture,6,360.76,0.11,2164.56
2023-03-27,East,Emma Davis,Customer_1706,Monitor,Displays,20,376.78,0.14,7535.6
2023-08-11,East,Henry Park,Customer_1281,Standing Desk,Furniture,12,517.62,0.12,6211.44
2023-03-15,North,Grace Kim,Customer_1869,Laptop,Computing,6,1150.79,0.19,6904.74
2023-10-18,North,Carol White,Customer_1033,Standing Desk,Furniture,12,522.1,0.07,6265.2
2023-09-29,West,Frank Chen,Customer_1375,Keyboard,Peripherals,3,76.93,0.11,230.79
2023-04-06,East,Emma Davis,Customer_1511,Desk Chair,Furniture,4,323.71,0.01,1294.84
2023-04-20,Central,Bob Smith,Customer_1626,Desk Chair,Furniture,9,324.99,0.14,2924.91
2023-08-16,West,David Lee,Customer_1089,Headphones,Audio,3,133.02,0.09,399.06
2023-03-22,East,Bob Smith,Customer_1728,Webcam,Video,10,121.8,0.18,1218.0
2023-05-02,East,David Lee,Customer_1809,Keyboard,Peripherals,7,70.91,0.16,496.37
2023-10-10,North,Frank Chen,Customer_1132,Standing Desk,Furniture,12,609.72,0.09,7316.64
2023-07-29,North,Emma Davis,Customer_1843,Monitor,Displays,16,387.78,0.11,6204.48
2023-09-22,South,Frank Chen,Customer_1352,Monitor,Displays,15,417.08,0.09,6256.2
2023-01-29,Central,Carol White,Customer_1851,Keyboard,Peripherals,5,86.43,0.09,432.15
2023-12-30,Central,Carol White,Customer_1230,Monitor,Displays,6,376.49,0.06,2258.94
2023-10-10,Central,Emma Davis,Customer_1281,Webcam,Video,9,132.45,0.04,1192.05
2023-10-25,East,Bob Smith,Customer_1157,Keyboard,Peripherals,6,80.06,0.12,480.36
2023-01-15,Central,Frank Chen,Customer_1083,Keyboard,Peripherals,19,88.22,0.01,1676.18
2023-11-24,Central,Emma Davis,Customer_1031,Laptop,Computing,19,1254.41,0.08,23833.79
2023-12-17,Central,Emma Davis,Customer_1415,Standing Desk,Furniture,10,625.54,0.1,6255.4
2023-09-05,West,Bob Smith,Customer_1475,Headphones,Audio,6,158.49,0.09,950.94
2023-06-26,East,Carol White,Customer_1998,Mouse,Peripherals,11,47.19,0.15,519.09
2023-08-27,South,Frank Chen,Customer_1125,Desk Chair,Furniture,4,351.57,0.06,1406.28
2023-07-16,West,David Lee,Customer_1884,Headphones,Audio,2,133.84,0.06,267.68
2023-04-08,South,Carol White,Customer_1781,Desk Chair,Furniture,19,382.92,0.14,7275.48
2023-02-16,West,Henry Park,Customer_1967,Keyboard,Peripherals,10,79.97,0.1,799.7
2023-01-25,Central,Henry Park,Customer_1051,Desk Chair,Furniture,7,399.0,0.12,2793.0
2023-08-09,West,Henry Park,Customer_1137,Headphones,Audio,1,140.36,0.17,140.36
2023-10-15,East,Grace Kim,Customer_1199,Headphones,Audio,13,143.97,0.01,1871.61
2023-10-09,Central,Emma Davis,Customer_1286,Webcam,Video,17,104.65,0.09,1779.05
2023-07-07,South,Bob Smith,Customer_1773,Monitor,Displays,11,387.27,0.11,4259.97
2023-06-20,South,Grace Kim,Customer_1823,Keyboard,Peripherals,2,80.0,0.01,160.0
2023-11-10,Central,Henry Park,Customer_1326,Standing Desk,Furniture,17,536.81,0.03,9125.77
2023-09-30,West,Emma Davis,Customer_1501,Keyboard,Peripherals,17,82.25,0.17,1398.25
2023-10-26,West,Alice Johnson,Customer_1315,Headphones,Audio,4,144.08,0.2,576.32
2023-01-27,Central,Henry Park,Customer_1597,Laptop,Computing,19,1115.59,0.12,21196.21
2023-12-25,South,Grace Kim,Customer_1112,Standing Desk,Furniture,8,536.6,0.01,4292.8
2023-04-15,North,Henry Park,Customer_1420,Mouse,Peripherals,5,47.21,0.08,236.05
2023-12-06,North,Carol White,Customer_1489,Standing Desk,Furniture,18,603.36,0.07,10860.48
2023-07-01,East,Carol White,Customer_1692,Desk Chair,Furniture,18,345.76,0.07,6223.68
2023-06-02,Central,Henry Park,Customer_1230,Headphones,Audio,8,136.15,0.06,1089.2
2023-06-28,East,David Lee,Customer_1573,Headphones,Audio,16,158.56,0.06,2536.96
2023-07-22,East,Bob Smith,Customer_1838,Headphones,Audio,18,153.31,0.08,2759.58
2023-08-15,South,Emma Davis,Customer_1671,Webcam,Video,3,103.51,0.07,310.53
2023-10-15,West,David Lee,Customer_1712,Headphones,Audio,18,136.59,0.05,2458.62
2023-01-26,South,Bob Smith,Customer_1685,Headphones,Audio,19,155.21,0.05,2948.99
2023-02-21,South,Alice Johnson,Customer_1697,Mouse,Peripherals,11,44.0,0.14,484.0
2023-04-13,North,Carol White,Customer_1774,Keyboard,Peripherals,16,77.77,0.1,1244.32
2023-04-29,East,Emma Davis,Customer_1547,Headphones,Audio,3,156.57,0.13,469.71
2023-01-19,South,Grace Kim,Customer_1856,Laptop,Computing,6,1337.61,0.19,8025.66
2023-01-05,West,Carol White,Customer_1305,Desk Chair,Furniture,10,395.84,0.18,3958.4
2023-03-10,East,Emma Davis,Customer_1871,Monitor,Displays,18,394.52,0.1,7101.36
2023-08-23,East,David Lee,Customer_1663,Standing Desk,Furniture,11,655.59,0.03,7211.49
2023-04-09,South,Alice Johnson,Customer_1179,Headphones,Audio,10,160.65,0.11,1606.5
2023-03-13,West,Frank Chen,Customer_1488,Desk Chair,Furniture,4,306.61,0.04,1226.44
2023-05-17,South,Alice Johnson,Customer_1976,Webcam,Video,8,111.39,0.09,891.12
2023-02-01,East,Alice Johnson,Customer_1683,Webcam,Video,12,111.42,0.14,1337.04
2023-12-27,West,Emma Davis,Customer_1788,Monitor,Displays,17,359.17,0.18,6105.89
2023-03-10,North,Emma Davis,Customer_1489,Headphones,Audio,8,144.04,0.04,1152.32
2023-10-03,West,Frank Chen,Customer_1821,Keyboard,Peripherals,18,77.98,0.18,1403.64
2023-02-09,South,Bob Smith,Customer_1939,Mouse,Peripherals,17,50.38,0.14,856.46
2023-09-24,North,David Lee,Customer_1452,Monitor,Displays,5,408.72,0.03,2043.6
2023-01-29,South,Henry Park,Customer_1464,Monitor,Displays,17,350.91,0.09,5965.47
2023-12-11,Central,Grace Kim,Customer_1826,Keyboard,Peripherals,2,78.96,0.11,157.92
2023-10-24,North,Grace Kim,Customer_1074,Headphones,Audio,1,138.95,0.15,138.95
2023-02-05,West,Frank Chen,Customer_1956,Laptop,Computing,18,1272.14,0.2,22898.52
2023-11-27,North,Emma Davis,Customer_1986,Standing Desk,Furniture,5,583.6,0.15,2918.0
2023-12-16,East,Grace Kim,Customer_1987,Desk Chair,Furniture,13,344.6,0.08,4479.8
2023-03-07,East,Bob Smith,Customer_1745,Keyboard,Peripherals,18,72.28,0.08,1301.04
2023-10-06,North,Alice Johnson,Customer_1434,Mouse,Peripherals,15,57.18,0.13,857.7
2023-02-27,South,David Lee,Customer_1032,Desk Chair,Furniture,5,345.87,0.06,1729.35
2023-01-18,Central,Alice Johnson,Customer_1457,Desk Chair,Furniture,3,322.77,0.02,968.31
2023-01-29,South,Alice Johnson,Customer_1143,Laptop,Computing,8,1164.82,0.11,9318.56
2023-03-15,South,Frank Chen,Customer_1676,Headphones,Audio,11,153.49,0.05,1688.39
2023-03-31,West,Emma Davis,Customer_1641,Mouse,Peripherals,18,46.63,0.19,839.34
2023-12-10,Central,Henry Park,Customer_1390,Desk Chair,Furniture,12,302.42,0.19,3629.04
2023-10-03,West,Grace Kim,Customer_1484,Webcam,Video,13,107.37,0.04,1395.81
2023-01-30,South,Emma Davis,Customer_1575,Mouse,Peripherals,5,55.36,0.16,276.8
2023-11-28,West,Carol White,Customer_1080,Desk Chair,Furniture,9,338.28,0.04,3044.52
2023-07-13,East,Bob Smith,Customer_1689,Standing Desk,Furniture,7,606.41,0.01,4244.87
2023-10-14,North,David Lee,Customer_1222,Laptop,Computing,19,1309.67,0.14,24883.73
2023-04-08,South,Frank Chen,Customer_1985,Standing Desk,Furniture,1,564.57,0.04,564.57
2023-05-03,West,David Lee,Customer_1565,Monitor,Displays,7,423.48,0.08,2964.36
2023-07-04,East,Grace Kim,Customer_1525,Webcam,Video,12,118.79,0.06,1425.48
2023-06-13,West,Bob Smith,Customer_1936,Standing Desk,Furniture,16,654.51,0.15,10472.16
2023-03-16,East,Frank Chen,Customer_1016,Mouse,Peripherals,19,48.71,0.17,925.49
2023-07-14,Central,Grace Kim,Customer_1583,Headphones,Audio,7,140.78,0.07,985.46
2023-11-25,West,Frank Chen,Customer_1757,Mouse,Peripherals,16,46.36,0.19,741.76
2023-10-07,West,Carol White,Customer_1500,Standing Desk,Furniture,12,641.9,0.03,7702.8
2023-12-09,Central,Alice Johnson,Customer_1049,Keyboard,Peripherals,3,80.57,0.19,241.71
2023-03-19,West,Carol White,Customer_1009,Laptop,Computing,8,1323.32,0.01,10586.56
2023-11-12,Central,Henry Park,Customer_1934,Mouse,Peripherals,20,48.1,0.13,962.0
2023-01-09,West,Alice Johnson,Customer_1542,Standing Desk,Furniture,18,511.19,0.08,9201.42
2023-04-02,Central,Emma Davis,Customer_1109,Headphones,Audio,14,128.27,0.16,1795.78
2023-07-01,Central,Carol White,Customer_1273,Monitor,Displays,20,368.92,0.11,7378.4
2023-12-23,North,Frank Chen,Customer_1231,Desk Chair,Furniture,15,398.23,0.11,5973.45
2023-09-01,North,Alice Johnson,Customer_1057,Headphones,Audio,13,131.71,0.08,1712.23
2023-06-19,South,Bob Smith,Customer_1579,Laptop,Computing,14,1199.95,0.13,16799.3
2023-01-24,Central,Alice Johnson,Customer_1946,Monitor,Displays,19,367.57,0.1,6983.83
2023-04-17,East,Alice Johnson,Customer_1601,Monitor,Displays,11,361.52,0.0,3976.72
2023-07-19,West,Bob Smith,Customer_1693,Keyboard,Peripherals,19,75.18,0.05,1428.42
2023-06-27,West,Carol White,Customer_1054,Webcam,Video,3,130.46,0.1,391.38
2023-11-11,West,David Lee,Customer_1977,Monitor,Displays,11,440.64,0.12,4847.04
2023-07-02,East,Alice Johnson,Customer_1566,Desk Chair,Furniture,15,364.08,0.1,5461.2
2023-11-13,West,Carol White,Customer_1302,Desk Chair,Furniture,13,368.87,0.02,4795.31
2023-11-21,North,Bob Smith,Customer_1157,Mouse,Peripherals,13,46.52,0.14,604.76
2023-08-16,East,Frank Chen,Customer_1368,Desk Chair,Furniture,1,308.69,0.19,308.69
2023-10-12,North,Carol White,Customer_1524,Headphones,Audio,14,131.43,0.09,1840.02
2023-11-03,North,Alice Johnson,Customer_1803,Desk Chair,Furniture,18,306.91,0.02,5524.38
2023-10-14,West,Alice Johnson,Customer_1926,Webcam,Video,13,112.51,0.16,1462.63
2023-06-04,Central,Carol White,Customer_1274,Mouse,Peripherals,6,52.78,0.03,316.68
2023-09-05,South,Bob Smith,Customer_1801,Standing Desk,Furniture,9,540.1,0.08,4860.9
2023-04-11,East,Emma Davis,Customer_1468,Monitor,Displays,16,453.31,0.12,7252.96
2023-11-14,South,Emma Davis,Customer_1389,Monitor,Displays,13,340.81,0.07,4430.53
2023-06-14,West,Frank Chen,Customer_1617,Webcam,Video,20,117.5,0.03,2350.0
2023-05-30,West,Frank Chen,Customer_1752,Mouse,Peripherals,13,45.16,0.19,587.08
2023-07-21,Central,David Lee,Customer_1373,Standing Desk,Furniture,9,568.66,0.16,5117.94
2023-10-09,Central,David Lee,Customer_1027,Monitor,Displays,18,411.07,0.04,7399.26
2023-07-29,South,Henry Park,Customer_1689,Standing Desk,Furniture,3,653.58,0.16,1960.74
2023-07-13,South,Emma Davis,Customer_1075,Standing Desk,Furniture,5,553.56,0.14,2767.8
2023-12-21,Central,Henry Park,Customer_1428,Standing Desk,Furniture,18,614.8,0.1,11066.4
2023-07-01,East,Bob Smith,Customer_1170,Laptop,Computing,8,1059.37,0.13,8474.96
2023-08-09,Central,Grace Kim,Customer_1108,Laptop,Computing,11,1368.05,0.19,15048.55
2023-12-19,North,Emma Davis,Customer_1589,Laptop,Computing,17,1099.92,0.11,18698.64
2023-03-19,West,Frank Chen,Customer_1353,Mouse,Peripherals,19,48.37,0.14,919.03
2023-03-14,West,Bob Smith,Customer_1356,Laptop,Computing,3,1126.36,0.02,3379.08
2023-09-01,East,Henry Park,Customer_1099,Headphones,Audio,17,162.79,0.1,2767.43
2023-02-28,West,Frank Chen,Customer_1023,Standing Desk,Furniture,2,522.09,0.16,1044.18
2023-10-10,North,Carol White,Customer_1163,Webcam,Video,8,135.48,0.1,1083.84
2023-11-19,Central,Grace Kim,Customer_1188,Webcam,Video,8,136.5,0.16,1092.0
2023-08-19,West,Grace Kim,Customer_1606,Keyboard,Peripherals,20,68.7,0.18,1374.0
2023-12-27,West,Alice Johnson,Customer_1828,Desk Chair,Furniture,7,371.5,0.06,2600.5
2023-06-16,Central,Bob Smith,Customer_1201,Monitor,Displays,18,435.94,0.04,7846.92
2023-11-24,North,Emma Davis,Customer_1320,Standing Desk,Furniture,16,630.73,0.11,10091.68
2023-08-23,Central,Grace Kim,Customer_1632,Desk Chair,Furniture,12,359.14,0.07,4309.68
2023-06-06,East,Bob Smith,Customer_1119,Keyboard,Peripherals,11,84.13,0.02,925.43
2023-10-22,East,Carol White,Customer_1392,Keyboard,Peripherals,14,80.26,0.12,1123.64
2023-09-08,South,Henry Park,Customer_1295,Desk Chair,Furniture,6,364.23,0.11,2185.38
2023-07-03,South,Frank Chen,Customer_1974,Keyboard,Peripherals,20,88.21,0.01,1764.2
2023-09-16,West,Carol White,Customer_1668,Laptop,Computing,13,1090.25,0.19,14173.25
2023-02-12,West,Henry Park,Customer_1578,Standing Desk,Furniture,15,584.81,0.1,8772.15
2023-03-28,South,Emma Davis,Customer_1799,Laptop,Computing,8,1031.77,0.11,8254.16
2023-05-18,Central,Henry Park,Customer_1793,Standing Desk,Furniture,4,608.95,0.11,2435.8
2023-08-06,Central,Alice Johnson,Customer_1104,Webcam,Video,15,129.36,0.11,1940.4
2023-02-14,East,Alice Johnson,Customer_1449,Mouse,Peripherals,12,49.25,0.17,591.0
2023-12-30,South,David Lee,Customer_1624,Monitor,Displays,19,437.28,0.14,8308.32
2023-10-19,South,Carol White,Customer_1359,Desk Chair,Furniture,7,379.91,0.16,2659.37
2023-05-17,Central,Carol White,Customer_1975,Headphones,Audio,10,142.06,0.06,1420.6
2023-03-06,South,Grace Kim,Customer_1718,Monitor,Displays,9,450.25,0.17,4052.25
2023-12-13,South,Carol White,Customer_1402,Keyboard,Peripherals,8,85.07,0.15,680.56
2023-11-21,South,Emma Davis,Customer_1813,Standing Desk,Furniture,13,623.01,0.09,8099.13
2023-09-07,West,Emma Davis,Customer_1335,Monitor,Displays,12,423.36,0.09,5080.32
2023-10-01,North,Henry Park,Customer_1407,Laptop,Computing,12,1248.54,0.17,14982.48
2023-06-22,West,David Lee,Customer_1560,Mouse,Peripherals,11,49.92,0.17,549.12
2023-11-17,Central,Henry Park,Customer_1802,Keyboard,Peripherals,2,86.92,0.01,173.84
2023-01-01,North,Bob Smith,Customer_1981,Standing Desk,Furniture,6,677.3,0.09,4063.8
2023-05-21,South,Carol White,Customer_1095,Desk Chair,Furniture,10,390.13,0.03,3901.3
2023-11-17,East,Bob Smith,Customer_1312,Webcam,Video,6,115.39,0.01,692.34
2023-02-09,West,Bob Smith,Customer_1135,Mouse,Peripherals,1,53.06,0.04,53.06
2023-08-05,Central,Henry Park,Customer_1710,Mouse,Peripherals,11,42.64,0.16,469.04
2023-02-22,West,Bob Smith,Customer_1105,Keyboard,Peripherals,3,73.49,0.15,220.47
2023-12-13,East,Emma Davis,Customer_1146,Webcam,Video,5,106.94,0.13,534.7
2023-04-20,Central,Alice Johnson,Customer_1643,Monitor,Displays,6,413.24,0.09,2479.44
2023-03-13,West,Henry Park,Customer_1770,Keyboard,Peripherals,3,88.64,0.18,265.92
2023-03-13,Central,Grace Kim,Customer_1253,Monitor,Displays,14,382.18,0.06,5350.52
2023-05-26,North,David Lee,Customer_1797,Headphones,Audio,20,152.4,0.14,3048.0
2023-07-20,East,David Lee,Customer_1302,Laptop,Computing,17,1206.39,0.04,20508.63
2023-11-01,South,Henry Park,Customer_1072,Laptop,Computing,8,1158.92,0.1,9271.36
2023-10-07,East,Frank Chen,Customer_1699,Laptop,Computing,19,1067.51,0.08,20282.69
2023-04-21,West,Bob Smith,Customer_1040,Keyboard,Peripherals,3,68.4,0.0,205.2
2023-08-05,West,Emma Davis,Customer_1718,Laptop,Computing,17,1246.29,0.15,21186.93
2023-04-15,North,Carol White,Customer_1997,Desk Chair,Furniture,10,326.63,0.02,3266.3
2023-08-12,Central,Frank Chen,Customer_1747,Keyboard,Peripherals,3,77.38,0.06,232.14
2023-11-10,North,David Lee,Customer_1623,Mouse,Peripherals,14,43.79,0.02,613.06
2023-03-25,East,Carol White,Customer_1508,Laptop,Computing,5,1063.0,0.14,5315.0
2023-05-18,Central,Emma Davis,Customer_1750,Webcam,Video,5,108.01,0.15,540.05
2023-05-15,North,Frank Chen,Customer_1729,Monitor,Displays,9,436.85,0.1,3931.65
2023-10-18,West,Henry Park,Customer_1170,Monitor,Displays,2,401.29,0.1,802.58
2023-03-01,South,Emma Davis,Customer_1233,Webcam,Video,19,129.84,0.13,2466.96
2023-03-18,North,Alice Johnson,Customer_1183,Laptop,Computing,16,1108.04,0.07,17728.64
2023-06-13,Central,Grace Kim,Customer_1277,Laptop,Computing,8,1100.83,0.08,8806.64
2023-09-22,Central,Frank Chen,Customer_1047,Monitor,Displays,2,354.33,0.04,708.66
2023-10-11,North,Henry Park,Customer_1467,Desk Chair,Furniture,10,388.43,0.07,3884.3
2023-05-05,East,David Lee,Customer_1475,Laptop,Computing,10,1124.97,0.15,11249.7
2023-10-07,Central,Henry Park,Customer_1778,Webcam,Video,7,137.92,0.15,965.44
2023-06-27,South,Alice Johnson,Customer_1651,Mouse,Peripherals,1,56.49,0.05,56.49
2023-06-07,East,Alice Johnson,Customer_1106,Laptop,Computing,13,1293.21,0.17,16811.73
2023-03-14,Central,David Lee,Customer_1728,Mouse,Peripherals,2,48.8,0.19,97.6
2023-07-10,North,Alice Johnson,Customer_1469,Headphones,Audio,17,168.96,0.08,2872.32
2023-10-18,Central,Bob Smith,Customer_1063,Monitor,Displays,13,400.65,0.01,5208.45
2023-07-21,South,David Lee,Customer_1717,Desk Chair,Furniture,11,328.13,0.19,3609.43
2023-03-11,East,Henry Park,Customer_1798,Webcam,Video,3,111.79,0.19,335.37
2023-03-03,South,Bob Smith,Customer_1548,Monitor,Displays,15,359.72,0.06,5395.8
2023-02-16,South,Henry Park,Customer_1161,Webcam,Video,9,113.1,0.17,1017.9
2023-12-31,Central,Alice Johnson,Customer_1254,Headphones,Audio,11,137.18,0.03,1508.98
2023-03-31,West,Alice Johnson,Customer_1031,Webcam,Video,9,126.38,0.16,1137.42
2023-03-13,West,David Lee,Customer_1124,Desk Chair,Furniture,4,307.45,0.16,1229.8
2023-11-19,North,David Lee,Customer_1960,Laptop,Computing,13,1067.06,0.07,13871.78
2023-02-03,Central,Emma Davis,Customer_1202,Monitor,Displays,3,450.09,0.0,1350.27
2023-08-25,South,Bob Smith,Customer_1051,Standing Desk,Furniture,11,672.91,0.02,7402.01
2023-07-15,Central,Grace Kim,Customer_1699,Keyboard,Peripherals,13,87.72,0.1,1140.36
2023-08-17,South,Frank Chen,Customer_1904,Desk Chair,Furniture,6,320.05,0.05,1920.3
2023-10-09,North,David Lee,Customer_1490,Keyboard,Peripherals,16,83.53,0.08,1336.48
2023-09-27,North,Emma Davis,Customer_1255,Laptop,Computing,14,1157.89,0.04,16210.46
2023-10-17,West,Frank Chen,Customer_1514,Laptop,Computing,16,1192.69,0.07,19083.04
2023-01-16,West,Emma Davis,Customer_1917,Webcam,Video,11,108.47,0.12,1193.17
2023-03-23,North,Henry Park,Customer_1102,Headphones,Audio,19,151.32,0.2,2875.08
2023-04-23,South,Emma Davis,Customer_1589,Mouse,Peripherals,2,50.51,0.15,101.02
2023-12-24,East,Carol White,Customer_1367,Desk Chair,Furniture,19,315.99,0.06,6003.81
2023-09-10,East,Carol White,Customer_1555,Laptop,Computing,7,1222.72,0.17,8559.04
2023-04-23,South,Henry Park,Customer_1020,Headphones,Audio,2,129.21,0.05,258.42
2023-06-24,North,Frank Chen,Customer_1734,Standing Desk,Furniture,7,675.22,0.16,4726.54
2023-03-14,East,Alice Johnson,Customer_1792,Keyboard,Peripherals,19,68.53,0.14,1302.07
2023-12-06,Central,Frank Chen,Customer_1405,Monitor,Displays,12,455.27,0.14,5463.24
2023-08-12,East,Emma Davis,Customer_1810,Monitor,Displays,6,378.71,0.15,2272.26
2023-11-11,East,Carol White,Customer_1805,Standing Desk,Furniture,18,637.29,0.14,11471.22
2023-01-01,South,Carol White,Customer_1971,Webcam,Video,10,115.62,0.03,1156.2
2023-11-10,Central,Alice Johnson,Customer_1226,Desk Chair,Furniture,11,316.62,0.18,3482.82
2023-06-13,West,Carol White,Customer_1171,Monitor,Displays,3,379.74,0.05,1139.22
2023-02-04,East,Henry Park,Customer_1358,Monitor,Displays,7,341.37,0.05,2389.59
2023-03-27,North,Alice Johnson,Customer_1905,Headphones,Audio,15,129.67,0.15,1945.05
2023-09-03,West,Grace Kim,Customer_1807,Desk Chair,Furniture,13,334.38,0.02,4346.94
2023-06-13,South,Henry Park,Customer_1267,Mouse,Peripherals,2,43.61,0.06,87.22
2023-02-08,North,Frank Chen,Customer_1560,Monitor,Displays,13,360.41,0.03,4685.33
2023-03-26,East,Henry Park,Customer_1621,Monitor,Displays,14,424.54,0.19,5943.56
2023-07-29,South,Alice Johnson,Customer_1713,Desk Chair,Furniture,7,308.13,0.19,2156.91
2023-10-09,East,Emma Davis,Customer_1860,Headphones,Audio,2,138.19,0.08,276.38
2023-12-05,South,Alice Johnson,Customer_1640,Standing Desk,Furniture,14,574.95,0.02,8049.3
2023-02-11,South,Bob Smith,Customer_1484,Standing Desk,Furniture,6,514.63,0.13,3087.78
2023-10-06,East,Grace Kim,Customer_1396,Monitor,Displays,9,396.51,0.02,3568.59
2023-08-14,East,Grace Kim,Customer_1476,Keyboard,Peripherals,15,76.87,0.01,1153.05
2023-12-08,South,Emma Davis,Customer_1099,Headphones,Audio,5,152.89,0.15,764.45
2023-02-01,East,Grace Kim,Customer_1860,Monitor,Displays,19,456.48,0.05,8673.12
2023-05-01,Central,Grace Kim,Customer_1487,Desk Chair,Furniture,16,398.89,0.11,6382.24
2023-09-22,North,Grace Kim,Customer_1819,Headphones,Audio,2,168.12,0.1,336.24
2023-04-09,North,Henry Park,Customer_1129,Keyboard,Peripherals,6,72.15,0.19,432.9
2023-11-18,West,Bob Smith,Customer_1151,Laptop,Computing,14,1375.78,0.04,19260.92
2023-06-16,East,Bob Smith,Customer_1877,Headphones,Audio,18,131.42,0.08,2365.56
2023-11-16,Central,Henry Park,Customer_1601,Headphones,Audio,1,168.77,0.16,168.77
2023-02-21,North,Grace Kim,Customer_1947,Desk Chair,Furniture,19,313.21,0.12,5950.99
2023-07-30,Central,Bob Smith,Customer_1270,Monitor,Displays,18,434.29,0.18,7817.22
2023-11-13,West,Henry Park,Customer_1623,Desk Chair,Furniture,9,301.43,0.08,2712.87
2023-01-26,North,Grace Kim,Customer_1763,Desk Chair,Furniture,11,390.91,0.14,4300.01
2023-09-09,East,Frank Chen,Customer_1878,Standing Desk,Furniture,10,513.64,0.06,5136.4
2023-06-14,South,Carol White,Customer_1275,Monitor,Displays,15,376.06,0.15,5640.9
2023-07-28,Central,Bob Smith,Customer_1758,Desk Chair,Furniture,7,317.23,0.18,2220.61
2023-02-03,Central,Frank Chen,Customer_1318,Standing Desk,Furniture,17,657.78,0.16,11182.26
2023-05-08,South,Alice Johnson,Customer_1033,Desk Chair,Furniture,7,315.74,0.17,2210.18
2023-08-26,North,Frank Chen,Customer_1517,Standing Desk,Furniture,9,636.83,0.07,5731.47
2023-04-01,North,Alice Johnson,Customer_1983,Desk Chair,Furniture,16,322.9,0.12,5166.4
2023-12-19,Central,Frank Chen,Customer_1092,Standing Desk,Furniture,9,571.96,0.15,5147.64
2023-04-20,North,Grace Kim,Customer_1877,Headphones,Audio,19,129.73,0.16,2464.87
2023-12-16,South,David Lee,Customer_1009,Mouse,Peripherals,14,46.54,0.1,651.56
2023-11-08,South,Carol White,Customer_1824,Standing Desk,Furniture,1,618.21,0.04,618.21
2023-04-22,East,Grace Kim,Customer_1477,Headphones,Audio,12,167.8,0.09,2013.6
2023-12-06,Central,Grace Kim,Customer_1989,Headphones,Audio,1,153.8,0.1,153.8
2023-06-22,Central,Emma Davis,Customer_1283,Webcam,Video,4,112.75,0.1,451.0
2023-09-22,East,Emma Davis,Customer_1783,Webcam,Video,10,125.62,0.04,1256.2
2023-12-02,North,Grace Kim,Customer_1509,Mouse,Peripherals,5,52.41,0.14,262.05
2023-10-20,East,Grace Kim,Customer_1835,Headphones,Audio,2,145.71,0.12,291.42
2023-12-10,East,David Lee,Customer_1367,Mouse,Peripherals,16,52.79,0.18,844.64
2023-05-13,South,Carol White,Customer_1742,Headphones,Audio,16,140.72,0.03,2251.52
2023-06-07,East,Bob Smith,Customer_1430,Keyboard,Peripherals,8,73.33,0.15,586.64
2023-08-29,East,Emma Davis,Customer_1054,Webcam,Video,15,123.08,0.17,1846.2
2023-07-31,West,David Lee,Customer_1055,Monitor,Displays,13,400.06,0.11,5200.78
2023-08-23,South,David Lee,Customer_1146,Keyboard,Peripherals,19,76.22,0.18,1448.18
2023-01-30,South,Bob Smith,Customer_1004,Webcam,Video,6,119.55,0.06,717.3
2023-03-23,East,David Lee,Customer_1501,Standing Desk,Furniture,6,647.01,0.12,3882.06
2023-09-02,South,Grace Kim,Customer_1392,Monitor,Displays,13,416.02,0.09,5408.26
2023-09-29,North,David Lee,Customer_1195,Laptop,Computing,1,1283.04,0.18,1283.04
2023-02-22,North,David Lee,Customer_1392,Laptop,Computing,12,1101.46,0.06,13217.52
2023-08-22,South,Bob Smith,Customer_1745,Headphones,Audio,10,164.57,0.19,1645.7
2023-04-07,West,Carol White,Customer_1168,Webcam,Video,16,114.34,0.07,1829.44
2023-01-12,North,David Lee,Customer_1603,Desk Chair,Furniture,5,321.05,0.04,1605.25
2023-11-24,North,Frank Chen,Customer_1261,Keyboard,Peripherals,2,85.07,0.08,170.14
2023-03-01,Central,Alice Johnson,Customer_1426,Laptop,Computing,1,1258.31,0.01,1258.31
2023-04-16,West,Bob Smith,Customer_1711,Standing Desk,Furniture,16,608.51,0.14,9736.16
2023-11-07,East,Grace Kim,Customer_1717,Laptop,Computing,17,1258.2,0.05,21389.4
2023-02-28,West,Bob Smith,Customer_1803,Keyboard,Peripherals,20,80.28,0.02,1605.6
2023-04-14,West,David Lee,Customer_1366,Monitor,Displays,9,413.08,0.17,3717.72
2023-12-19,East,Carol White,Customer_1955,Desk Chair,Furniture,16,301.64,0.18,4826.24
2023-10-21,East,David Lee,Customer_1685,Standing Desk,Furniture,3,510.49,0.18,1531.47
2023-02-21,South,Bob Smith,Customer_1926,Standing Desk,Furniture,3,650.31,0.14,1950.93
2023-01-26,South,Henry Park,Customer_1102,Headphones,Audio,10,171.99,0.05,1719.9
